SNP,CDX,CHB,CHS,JPT,KHV
rs79200067,0.0,0.0,0.0,0.13942307233810425,0.0
rs11629323,0.09139785170555115,0.5970873832702637,0.4047619104385376,0.8125,0.24242424964904785
rs464165,0.0,0.0,0.0,0.10096153616905212,0.0
rs434124,0.7956989407539368,0.1650485396385193,0.3761904835700989,0.09615384787321091,0.6414141654968262
rs546642722,0.32258063554763794,0.009708737954497337,0.009523809887468815,0.0,0.17676767706871033
rs543086096,0.4354838728904724,0.27184465527534485,0.4761904776096344,0.0625,0.22727273404598236
rs149768401,0.016129031777381897,0.3203883469104767,0.3285714387893677,0.20192307233810425,0.0
rs2642066,0.0,0.004854368977248669,0.0,0.12019230425357819,0.0
rs535319466,0.02688172087073326,0.14077669382095337,0.2809523940086365,0.048076923936605453,0.04040404036641121
rs17822931,0.46236559748649597,0.029126213863492012,0.15714286267757416,0.12019230425357819,0.3636363744735718
rs11034709,0.0,0.004854368977248669,0.004761904943734407,0.12980769574642181,0.0
rs570435573,0.34408602118492126,0.02427184395492077,0.009523809887468815,0.05288461595773697,0.17676767706871033
rs17207681,0.005376344081014395,0.004854368977248669,0.014285714365541935,0.13461539149284363,0.020202020183205605
rs2261033,0.29032257199287415,0.5145630836486816,0.5333333611488342,0.7932692170143127,0.3181818127632141
rs174570,0.23118279874324799,0.6456310749053955,0.4238095283508301,0.6682692170143127,0.2222222238779068
rs2571389,0.4516128897666931,0.3883495032787323,0.3761904835700989,0.10096153616905212,0.4343434274196625
rs1288367,0.5430107712745667,0.24271844327449799,0.23333333432674408,0.3125,0.4444444477558136
rs3809161,0.3333333432674408,0.6019417643547058,0.4809523820877075,0.3365384638309479,0.31313130259513855
rs2920295,0.27419355511665344,0.24271844327449799,0.27142858505249023,0.629807710647583,0.2777777910232544
rs6123723,0.11290322244167328,0.223300963640213,0.17619048058986664,0.024038461968302727,0.10606060922145844
