SNP,AFR,AMR,EAS,EUR,SAS
rs1229984,0.0015128592494875193,0.05763688683509827,0.6974206566810608,0.028827037662267685,0.020449897274374962
rs10497191,0.9220877289772034,0.1858789622783661,0.0962301567196846,0.12326043844223022,0.09713701158761978
rs28777,0.19515885412693024,0.4927953779697418,0.1170634925365448,0.9562624096870422,0.22290389239788055
rs7554936,0.9697428345680237,0.319884717464447,0.1438492089509964,0.3339960277080536,0.2188139110803604
rs513265,0.3381240665912628,0.07780979573726654,0.012896825559437275,0.019880715757608414,0.46421268582344055
rs239031,0.6830559968948364,0.1484149843454361,0.042658731341362,0.011928429827094078,0.004089979454874992
rs12498138,0.006807866971939802,0.36167147755622864,0.0843253955245018,0.0695825070142746,0.03680981695652008
rs17034666,0.11875945329666138,0.42363113164901733,0.9107142686843872,0.05069582536816597,0.06441717594861984
rs4907251,0.027987897396087646,0.4365994334220886,0.5416666865348816,0.19681908190250397,0.7044990062713623
rs8072587,0.06278365850448608,0.5158501267433167,0.003968254197388887,0.8121272325515747,0.2842535674571991
rs2470102,0.9251134395599365,0.3386167287826538,0.7529761791229248,0.005964214913547039,0.27198365330696106
rs2072053,0.0015128592494875193,0.2651296854019165,0.6259920597076416,0.012922464869916439,0.014314928092062473
rs11652805,0.941754937171936,0.24207492172718048,0.2628968358039856,0.18290258944034576,0.20552147924900055
rs12913832,0.027987897396087646,0.20172910392284393,0.0019841270986944437,0.6361829042434692,0.07055214792490005
rs575377,0.2526474893093109,0.1974063366651535,0.1884920597076416,0.16103379428386688,0.557259738445282
rs6548616,0.9213312864303589,0.2593660056591034,0.1636904776096344,0.30318090319633484,0.20245398581027985
rs4704322,0.07866868376731873,0.2276657074689865,0.8829365372657776,0.193836972117424,0.37525561451911926
rs10741584,0.8426626324653625,0.11671470105648041,0.0694444477558136,0.12425447255373001,0.20245398581027985
rs10008492,0.01664145290851593,0.24927954375743866,0.0009920635493472219,0.5656063556671143,0.06543967127799988
rs9522149,0.05673222243785858,0.42939481139183044,0.011904762126505375,0.763419508934021,0.2126789391040802
